Data As Of,Jurisdiction,Group,Subgroup,Year of Death,Month of Death,Time Period,Month Ending Date,Maternal Deaths,Live Births,Maternal Mortality Rate,Footnote
4/14/2024,United States,Total,Total,2019,1,12 month-ending,1/31/2019,660,"3,787,776",17.4,
4/14/2024,United States,Total,Total,2019,2,12 month-ending,2/28/2019,653,"3,783,489",17.3,
4/14/2024,United States,Total,Total,2019,3,12 month-ending,3/31/2019,657,"3,771,682",17.4,
4/14/2024,United States,Total,Total,2019,4,12 month-ending,4/30/2019,668,"3,772,235",17.7,
4/14/2024,United States,Total,Total,2019,5,12 month-ending,5/31/2019,706,"3,767,999",18.7,
4/14/2024,United States,Total,Total,2019,6,12 month-ending,6/30/2019,720,"3,757,275",19.2,
4/14/2024,United States,Total,Total,2019,7,12 month-ending,7/31/2019,721,"3,761,912",19.2,
4/14/2024,United States,Total,Total,2019,8,12 month-ending,8/31/2019,723,"3,758,847",19.2,
4/14/2024,United States,Total,Total,2019,9,12 month-ending,9/30/2019,729,"3,761,856",19.4,
4/14/2024,United States,Total,Total,2019,10,12 month-ending,10/31/2019,739,"3,760,121",19.7,
4/14/2024,United States,Total,Total,2019,11,12 month-ending,11/30/2019,752,"3,749,504",20.1,
4/14/2024,United States,Total,Total,2019,12,12 month-ending,12/31/2019,754,"3,747,540",20.1,
4/14/2024,United States,Total,Total,2020,1,12 month-ending,1/31/2020,740,"3,741,390",19.8,
4/14/2024,United States,Total,Total,2020,2,12 month-ending,2/29/2020,740,"3,744,081",19.8,
4/14/2024,United States,Total,Total,2020,3,12 month-ending,3/31/2020,751,"3,741,469",20.1,
4/14/2024,United States,Total,Total,2020,4,12 month-ending,4/30/2020,767,"3,733,000",20.5,
4/14/2024,United States,Total,Total,2020,5,12 month-ending,5/31/2020,763,"3,718,095",20.5,
4/14/2024,United States,Total,Total,2020,6,12 month-ending,6/30/2020,774,"3,716,167",20.8,
4/14/2024,United States,Total,Total,2020,7,12 month-ending,7/31/2020,793,"3,704,158",21.4,
4/14/2024,United States,Total,Total,2020,8,12 month-ending,8/31/2020,803,"3,682,094",21.8,
4/14/2024,United States,Total,Total,2020,9,12 month-ending,9/30/2020,831,"3,668,018",22.7,
4/14/2024,United States,Total,Total,2020,10,12 month-ending,10/31/2020,843,"3,648,060",23.1,
4/14/2024,United States,Total,Total,2020,11,12 month-ending,11/30/2020,837,"3,632,571",23,
4/14/2024,United States,Total,Total,2020,12,12 month-ending,12/31/2020,861,"3,613,647",23.8,
4/14/2024,United States,Total,Total,2021,1,12 month-ending,1/31/2021,893,"3,586,097",24.9,
4/14/2024,United States,Total,Total,2021,2,12 month-ending,2/28/2021,899,"3,569,798",25.2,
4/14/2024,United States,Total,Total,2021,3,12 month-ending,3/31/2021,894,"3,570,865",25,
4/14/2024,United States,Total,Total,2021,4,12 month-ending,4/30/2021,899,"3,573,595",25.2,
4/14/2024,United States,Total,Total,2021,5,12 month-ending,5/31/2021,911,"3,573,026",25.5,
4/14/2024,United States,Total,Total,2021,6,12 month-ending,6/30/2021,904,"3,584,459",25.2,
4/14/2024,United States,Total,Total,2021,7,12 month-ending,7/31/2021,908,"3,588,939",25.3,
4/14/2024,United States,Total,Total,2021,8,12 month-ending,8/31/2021,987,"3,599,589",27.4,
4/14/2024,United States,Total,Total,2021,9,12 month-ending,9/30/2021,"1,083","3,613,622",30,
4/14/2024,United States,Total,Total,2021,10,12 month-ending,10/31/2021,"1,131","3,623,951",31.2,
4/14/2024,United States,Total,Total,2021,11,12 month-ending,11/30/2021,"1,157","3,643,084",31.8,
4/14/2024,United States,Total,Total,2021,12,12 month-ending,12/31/2021,"1,205","3,664,292",32.9,
4/14/2024,United States,Total,Total,2022,1,12 month-ending,1/31/2022,"1,236","3,681,963",33.6,
4/14/2024,United States,Total,Total,2022,2,12 month-ending,2/28/2022,"1,249","3,691,335",33.8,
4/14/2024,United States,Total,Total,2022,3,12 month-ending,3/31/2022,"1,231","3,696,102",33.3,
4/14/2024,United States,Total,Total,2022,4,12 month-ending,4/30/2022,"1,200","3,691,554",32.5,
4/14/2024,United States,Total,Total,2022,5,12 month-ending,5/31/2022,"1,171","3,688,218",31.7,
4/14/2024,United States,Total,Total,2022,6,12 month-ending,6/30/2022,"1,180","3,680,380",32.1,
4/14/2024,United States,Total,Total,2022,7,12 month-ending,7/31/2022,"1,165","3,675,085",31.7,
4/14/2024,United States,Total,Total,2022,8,12 month-ending,8/31/2022,"1,067","3,680,726",29,
4/14/2024,United States,Total,Total,2022,9,12 month-ending,9/30/2022,942,"3,667,221",25.7,
4/14/2024,United States,Total,Total,2022,10,12 month-ending,10/31/2022,894,"3,658,612",24.4,
4/14/2024,United States,Total,Total,2022,11,12 month-ending,11/30/2022,870,"3,664,030",23.7,
4/14/2024,United States,Total,Total,2022,12,12 month-ending,12/31/2022,817,"3,667,758",22.3,
4/14/2024,United States,Total,Total,2023,1,12 month-ending,1/31/2023,766,"3,672,383",20.9,
4/14/2024,United States,Total,Total,2023,2,12 month-ending,2/28/2023,756,"3,667,496",20.6,
4/14/2024,United States,Total,Total,2023,3,12 month-ending,3/31/2023,766,"3,659,378",20.9,
4/14/2024,United States,Total,Total,2023,4,12 month-ending,4/30/2023,769,"3,649,309",21.1,
4/14/2024,United States,Total,Total,2023,5,12 month-ending,5/31/2023,745,"3,651,235",20.4,
4/14/2024,United States,Total,Total,2023,6,12 month-ending,6/30/2023,727,"3,648,756",19.9,
4/14/2024,United States,Total,Total,2023,7,12 month-ending,7/31/2023,719,"3,639,471",19.8,
4/14/2024,United States,Total,Total,2023,8,12 month-ending,8/31/2023,699,"3,625,857",19.3,
4/14/2024,United States,Total,Total,2023,9,12 month-ending,9/30/2023,702,"3,619,077",19.4,
4/14/2024,United States,Total,Total,2023,10,12 month-ending,10/31/2023,688,"3,621,318",19,
4/14/2024,United States,Total,Total,2023,11,12 month-ending,11/30/2023,672,"3,612,263",18.6,
4/14/2024,United States,Total,Total,2023,12,12 month-ending,12/31/2023,682,"3,595,298",19,
4/14/2024,United States,Age,Under 25 years,2019,1,12 month-ending,1/31/2019,98,"904,573",10.8,
4/14/2024,United States,Age,Under 25 years,2019,2,12 month-ending,2/28/2019,103,"901,429",11.4,
4/14/2024,United States,Age,Under 25 years,2019,3,12 month-ending,3/31/2019,101,"896,332",11.3,
4/14/2024,United States,Age,Under 25 years,2019,4,12 month-ending,4/30/2019,107,"894,830",12,
4/14/2024,United States,Age,Under 25 years,2019,5,12 month-ending,5/31/2019,113,"892,029",12.7,
4/14/2024,United States,Age,Under 25 years,2019,6,12 month-ending,6/30/2019,116,"887,707",13.1,
4/14/2024,United States,Age,Under 25 years,2019,7,12 month-ending,7/31/2019,117,"886,531",13.2,
4/14/2024,United States,Age,Under 25 years,2019,8,12 month-ending,8/31/2019,113,"885,087",12.8,
4/14/2024,United States,Age,Under 25 years,2019,9,12 month-ending,9/30/2019,117,"884,871",13.2,
4/14/2024,United States,Age,Under 25 years,2019,10,12 month-ending,10/31/2019,112,"883,679",12.7,
4/14/2024,United States,Age,Under 25 years,2019,11,12 month-ending,11/30/2019,112,"879,538",12.7,
4/14/2024,United States,Age,Under 25 years,2019,12,12 month-ending,12/31/2019,111,"877,803",12.6,
4/14/2024,United States,Age,Under 25 years,2020,1,12 month-ending,1/31/2020,113,"874,203",12.9,
4/14/2024,United States,Age,Under 25 years,2020,2,12 month-ending,2/29/2020,112,"873,116",12.8,
4/14/2024,United States,Age,Under 25 years,2020,3,12 month-ending,3/31/2020,112,"870,491",12.9,
4/14/2024,United States,Age,Under 25 years,2020,4,12 month-ending,4/30/2020,106,"866,834",12.2,
4/14/2024,United States,Age,Under 25 years,2020,5,12 month-ending,5/31/2020,109,"861,548",12.7,
4/14/2024,United States,Age,Under 25 years,2020,6,12 month-ending,6/30/2020,110,"859,268",12.8,
4/14/2024,United States,Age,Under 25 years,2020,7,12 month-ending,7/31/2020,103,"854,800",12,
4/14/2024,United States,Age,Under 25 years,2020,8,12 month-ending,8/31/2020,106,"847,356",12.5,
4/14/2024,United States,Age,Under 25 years,2020,9,12 month-ending,9/30/2020,105,"841,843",12.5,
4/14/2024,United States,Age,Under 25 years,2020,10,12 month-ending,10/31/2020,113,"834,920",13.5,
4/14/2024,United States,Age,Under 25 years,2020,11,12 month-ending,11/30/2020,109,"830,203",13.1,
4/14/2024,United States,Age,Under 25 years,2020,12,12 month-ending,12/31/2020,114,"825,403",13.8,
4/14/2024,United States,Age,Under 25 years,2021,1,12 month-ending,1/31/2021,111,"817,226",13.6,
4/14/2024,United States,Age,Under 25 years,2021,2,12 month-ending,2/28/2021,110,"810,971",13.6,
4/14/2024,United States,Age,Under 25 years,2021,3,12 month-ending,3/31/2021,116,"808,359",14.4,
4/14/2024,United States,Age,Under 25 years,2021,4,12 month-ending,4/30/2021,120,"806,054",14.9,
4/14/2024,United States,Age,Under 25 years,2021,5,12 month-ending,5/31/2021,118,"803,650",14.7,
4/14/2024,United States,Age,Under 25 years,2021,6,12 month-ending,6/30/2021,123,"802,875",15.3,
4/14/2024,United States,Age,Under 25 years,2021,7,12 month-ending,7/31/2021,124,"801,130",15.5,
4/14/2024,United States,Age,Under 25 years,2021,8,12 month-ending,8/31/2021,133,"799,063",16.6,
4/14/2024,United States,Age,Under 25 years,2021,9,12 month-ending,9/30/2021,142,"798,684",17.8,
4/14/2024,United States,Age,Under 25 years,2021,10,12 month-ending,10/31/2021,144,"797,996",18,
4/14/2024,United States,Age,Under 25 years,2021,11,12 month-ending,11/30/2021,154,"797,869",19.3,
4/14/2024,United States,Age,Under 25 years,2021,12,12 month-ending,12/31/2021,163,"797,334",20.4,
4/14/2024,United States,Age,Under 25 years,2022,1,12 month-ending,1/31/2022,168,"798,499",21,
4/14/2024,United States,Age,Under 25 years,2022,2,12 month-ending,2/28/2022,171,"798,098",21.4,
4/14/2024,United States,Age,Under 25 years,2022,3,12 month-ending,3/31/2022,165,"797,251",20.7,
4/14/2024,United States,Age,Under 25 years,2022,4,12 month-ending,4/30/2022,162,"794,713",20.4,
4/14/2024,United States,Age,Under 25 years,2022,5,12 month-ending,5/31/2022,158,"792,215",19.9,
4/14/2024,United States,Age,Under 25 years,2022,6,12 month-ending,6/30/2022,156,"789,969",19.7,
4/14/2024,United States,Age,Under 25 years,2022,7,12 month-ending,7/31/2022,160,"788,220",20.3,
4/14/2024,United States,Age,Under 25 years,2022,8,12 month-ending,8/31/2022,150,"789,397",19,
4/14/2024,United States,Age,Under 25 years,2022,9,12 month-ending,9/30/2022,139,"785,548",17.7,
4/14/2024,United States,Age,Under 25 years,2022,10,12 month-ending,10/31/2022,131,"782,613",16.7,
4/14/2024,United States,Age,Under 25 years,2022,11,12 month-ending,11/30/2022,123,"783,891",15.7,
4/14/2024,United States,Age,Under 25 years,2022,12,12 month-ending,12/31/2022,113,"784,299",14.4,
4/14/2024,United States,Age,Under 25 years,2023,1,12 month-ending,1/31/2023,106,"785,165",13.5,
4/14/2024,United States,Age,Under 25 years,2023,2,12 month-ending,2/28/2023,99,"784,317",12.6,
4/14/2024,United States,Age,Under 25 years,2023,3,12 month-ending,3/31/2023,103,"783,296",13.1,
4/14/2024,United States,Age,Under 25 years,2023,4,12 month-ending,4/30/2023,101,"780,776",12.9,
4/14/2024,United States,Age,Under 25 years,2023,5,12 month-ending,5/31/2023,99,"781,138",12.7,
4/14/2024,United States,Age,Under 25 years,2023,6,12 month-ending,6/30/2023,94,"779,484",12.1,
4/14/2024,United States,Age,Under 25 years,2023,7,12 month-ending,7/31/2023,95,"775,941",12.2,
4/14/2024,United States,Age,Under 25 years,2023,8,12 month-ending,8/31/2023,89,"771,236",11.5,
4/14/2024,United States,Age,Under 25 years,2023,9,12 month-ending,9/30/2023,91,"768,082",11.8,
4/14/2024,United States,Age,Under 25 years,2023,10,12 month-ending,10/31/2023,90,"767,316",11.7,
4/14/2024,United States,Age,Under 25 years,2023,11,12 month-ending,11/30/2023,91,"764,108",11.9,
4/14/2024,United States,Age,Under 25 years,2023,12,12 month-ending,12/31/2023,94,"759,553",12.4,
4/14/2024,United States,Age,25-39 years,2019,1,12 month-ending,1/31/2019,461,"2,756,117",16.7,
4/14/2024,United States,Age,25-39 years,2019,2,12 month-ending,2/28/2019,453,"2,754,668",16.4,
4/14/2024,United States,Age,25-39 years,2019,3,12 month-ending,3/31/2019,464,"2,748,124",16.9,
4/14/2024,United States,Age,25-39 years,2019,4,12 month-ending,4/30/2019,469,"2,749,841",17.1,
4/14/2024,United States,Age,25-39 years,2019,5,12 month-ending,5/31/2019,500,"2,748,198",18.2,
4/14/2024,United States,Age,25-39 years,2019,6,12 month-ending,6/30/2019,511,"2,741,991",18.6,
4/14/2024,United States,Age,25-39 years,2019,7,12 month-ending,7/31/2019,510,"2,747,133",18.6,
4/14/2024,United States,Age,25-39 years,2019,8,12 month-ending,8/31/2019,516,"2,745,464",18.8,
4/14/2024,United States,Age,25-39 years,2019,9,12 month-ending,9/30/2019,514,"2,748,154",18.7,
4/14/2024,United States,Age,25-39 years,2019,10,12 month-ending,10/31/2019,528,"2,747,188",19.2,
4/14/2024,United States,Age,25-39 years,2019,11,12 month-ending,11/30/2019,547,"2,740,604",20,
4/14/2024,United States,Age,25-39 years,2019,12,12 month-ending,12/31/2019,544,"2,739,976",19.9,
4/14/2024,United States,Age,25-39 years,2020,1,12 month-ending,1/31/2020,528,"2,737,166",19.3,
4/14/2024,United States,Age,25-39 years,2020,2,12 month-ending,2/29/2020,531,"2,740,252",19.4,
4/14/2024,United States,Age,25-39 years,2020,3,12 month-ending,3/31/2020,541,"2,739,769",19.7,
4/14/2024,United States,Age,25-39 years,2020,4,12 month-ending,4/30/2020,558,"2,734,758",20.4,
4/14/2024,United States,Age,25-39 years,2020,5,12 month-ending,5/31/2020,549,"2,725,270",20.1,
4/14/2024,United States,Age,25-39 years,2020,6,12 month-ending,6/30/2020,554,"2,724,871",20.3,
4/14/2024,United States,Age,25-39 years,2020,7,12 month-ending,7/31/2020,574,"2,717,268",21.1,
4/14/2024,United States,Age,25-39 years,2020,8,12 month-ending,8/31/2020,581,"2,703,022",21.5,
4/14/2024,United States,Age,25-39 years,2020,9,12 month-ending,9/30/2020,602,"2,694,515",22.3,
4/14/2024,United States,Age,25-39 years,2020,10,12 month-ending,10/31/2020,607,"2,681,542",22.6,
4/14/2024,United States,Age,25-39 years,2020,11,12 month-ending,11/30/2020,592,"2,671,162",22.2,
4/14/2024,United States,Age,25-39 years,2020,12,12 month-ending,12/31/2020,607,"2,658,445",22.8,
4/14/2024,United States,Age,25-39 years,2021,1,12 month-ending,1/31/2021,635,"2,640,885",24,
4/14/2024,United States,Age,25-39 years,2021,2,12 month-ending,2/28/2021,635,"2,631,550",24.1,
4/14/2024,United States,Age,25-39 years,2021,3,12 month-ending,3/31/2021,632,"2,635,016",24,
4/14/2024,United States,Age,25-39 years,2021,4,12 month-ending,4/30/2021,625,"2,639,627",23.7,
4/14/2024,United States,Age,25-39 years,2021,5,12 month-ending,5/31/2021,633,"2,641,273",24,
4/14/2024,United States,Age,25-39 years,2021,6,12 month-ending,6/30/2021,625,"2,652,817",23.6,
4/14/2024,United States,Age,25-39 years,2021,7,12 month-ending,7/31/2021,628,"2,658,310",23.6,
4/14/2024,United States,Age,25-39 years,2021,8,12 month-ending,8/31/2021,686,"2,670,107",25.7,
4/14/2024,United States,Age,25-39 years,2021,9,12 month-ending,9/30/2021,763,"2,683,809",28.4,
4/14/2024,United States,Age,25-39 years,2021,10,12 month-ending,10/31/2021,800,"2,694,181",29.7,
4/14/2024,United States,Age,25-39 years,2021,11,12 month-ending,11/30/2021,822,"2,711,989",30.3,
4/14/2024,United States,Age,25-39 years,2021,12,12 month-ending,12/31/2021,854,"2,731,223",31.3,
4/14/2024,United States,Age,25-39 years,2022,1,12 month-ending,1/31/2022,877,"2,745,469",31.9,
4/14/2024,United States,Age,25-39 years,2022,2,12 month-ending,2/28/2022,886,"2,753,946",32.2,
4/14/2024,United States,Age,25-39 years,2022,3,12 month-ending,3/31/2022,871,"2,758,457",31.6,
4/14/2024,United States,Age,25-39 years,2022,4,12 month-ending,4/30/2022,856,"2,756,011",31.1,
4/14/2024,United States,Age,25-39 years,2022,5,12 month-ending,5/31/2022,835,"2,754,395",30.3,
4/14/2024,United States,Age,25-39 years,2022,6,12 month-ending,6/30/2022,842,"2,748,591",30.6,
4/14/2024,United States,Age,25-39 years,2022,7,12 month-ending,7/31/2022,823,"2,744,647",30,
4/14/2024,United States,Age,25-39 years,2022,8,12 month-ending,8/31/2022,750,"2,748,484",27.3,
4/14/2024,United States,Age,25-39 years,2022,9,12 month-ending,9/30/2022,650,"2,738,600",23.7,
4/14/2024,United States,Age,25-39 years,2022,10,12 month-ending,10/31/2022,616,"2,732,726",22.5,
4/14/2024,United States,Age,25-39 years,2022,11,12 month-ending,11/30/2022,607,"2,735,974",22.2,
4/14/2024,United States,Age,25-39 years,2022,12,12 month-ending,12/31/2022,578,"2,738,802",21.1,
4/14/2024,United States,Age,25-39 years,2023,1,12 month-ending,1/31/2023,544,"2,741,825",19.8,
4/14/2024,United States,Age,25-39 years,2023,2,12 month-ending,2/28/2023,543,"2,737,678",19.8,
4/14/2024,United States,Age,25-39 years,2023,3,12 month-ending,3/31/2023,551,"2,730,683",20.2,
4/14/2024,United States,Age,25-39 years,2023,4,12 month-ending,4/30/2023,560,"2,723,081",20.6,
4/14/2024,United States,Age,25-39 years,2023,5,12 month-ending,5/31/2023,544,"2,724,087",20,
4/14/2024,United States,Age,25-39 years,2023,6,12 month-ending,6/30/2023,534,"2,722,798",19.6,
4/14/2024,United States,Age,25-39 years,2023,7,12 month-ending,7/31/2023,530,"2,717,126",19.5,
4/14/2024,United States,Age,25-39 years,2023,8,12 month-ending,8/31/2023,514,"2,708,036",19,
4/14/2024,United States,Age,25-39 years,2023,9,12 month-ending,9/30/2023,520,"2,704,195",19.2,
4/14/2024,United States,Age,25-39 years,2023,10,12 month-ending,10/31/2023,511,"2,706,588",18.9,
4/14/2024,United States,Age,25-39 years,2023,11,12 month-ending,11/30/2023,494,"2,700,841",18.3,
4/14/2024,United States,Age,25-39 years,2023,12,12 month-ending,12/31/2023,494,"2,688,729",18.4,
4/14/2024,United States,Age,40 years and over,2019,1,12 month-ending,1/31/2019,101,"127,086",79.5,
4/14/2024,United States,Age,40 years and over,2019,2,12 month-ending,2/28/2019,97,"127,392",76.1,
4/14/2024,United States,Age,40 years and over,2019,3,12 month-ending,3/31/2019,92,"127,226",72.3,
4/14/2024,United States,Age,40 years and over,2019,4,12 month-ending,4/30/2019,92,"127,564",72.1,
4/14/2024,United States,Age,40 years and over,2019,5,12 month-ending,5/31/2019,93,"127,772",72.8,
4/14/2024,United States,Age,40 years and over,2019,6,12 month-ending,6/30/2019,93,"127,577",72.9,
4/14/2024,United States,Age,40 years and over,2019,7,12 month-ending,7/31/2019,93,"128,248",72.5,
4/14/2024,United States,Age,40 years and over,2019,8,12 month-ending,8/31/2019,93,"128,296",72.5,
4/14/2024,United States,Age,40 years and over,2019,9,12 month-ending,9/30/2019,97,"128,831",75.3,
4/14/2024,United States,Age,40 years and over,2019,10,12 month-ending,10/31/2019,98,"129,254",75.8,
4/14/2024,United States,Age,40 years and over,2019,11,12 month-ending,11/30/2019,92,"129,362",71.1,
4/14/2024,United States,Age,40 years and over,2019,12,12 month-ending,12/31/2019,98,"129,761",75.5,
4/14/2024,United States,Age,40 years and over,2020,1,12 month-ending,1/31/2020,98,"130,021",75.4,
4/14/2024,United States,Age,40 years and over,2020,2,12 month-ending,2/29/2020,96,"130,713",73.4,
4/14/2024,United States,Age,40 years and over,2020,3,12 month-ending,3/31/2020,97,"131,209",73.9,
4/14/2024,United States,Age,40 years and over,2020,4,12 month-ending,4/30/2020,102,"131,408",77.6,
4/14/2024,United States,Age,40 years and over,2020,5,12 month-ending,5/31/2020,104,"131,277",79.2,
4/14/2024,United States,Age,40 years and over,2020,6,12 month-ending,6/30/2020,109,"132,028",82.6,
4/14/2024,United States,Age,40 years and over,2020,7,12 month-ending,7/31/2020,116,"132,090",87.8,
4/14/2024,United States,Age,40 years and over,2020,8,12 month-ending,8/31/2020,116,"131,716",88.1,
4/14/2024,United States,Age,40 years and over,2020,9,12 month-ending,9/30/2020,124,"131,660",94.2,
4/14/2024,United States,Age,40 years and over,2020,10,12 month-ending,10/31/2020,123,"131,598",93.5,
4/14/2024,United States,Age,40 years and over,2020,11,12 month-ending,11/30/2020,136,"131,206",103.7,
4/14/2024,United States,Age,40 years and over,2020,12,12 month-ending,12/31/2020,140,"129,799",107.9,
4/14/2024,United States,Age,40 years and over,2021,1,12 month-ending,1/31/2021,147,"127,986",114.9,
4/14/2024,United States,Age,40 years and over,2021,2,12 month-ending,2/28/2021,154,"127,277",121,
4/14/2024,United States,Age,40 years and over,2021,3,12 month-ending,3/31/2021,146,"127,490",114.5,
4/14/2024,United States,Age,40 years and over,2021,4,12 month-ending,4/30/2021,154,"127,914",120.4,
4/14/2024,United States,Age,40 years and over,2021,5,12 month-ending,5/31/2021,160,"128,103",124.9,
4/14/2024,United States,Age,40 years and over,2021,6,12 month-ending,6/30/2021,156,"128,767",121.1,
4/14/2024,United States,Age,40 years and over,2021,7,12 month-ending,7/31/2021,156,"129,499",120.5,
4/14/2024,United States,Age,40 years and over,2021,8,12 month-ending,8/31/2021,168,"130,419",128.8,
4/14/2024,United States,Age,40 years and over,2021,9,12 month-ending,9/30/2021,178,"131,129",135.7,
4/14/2024,United States,Age,40 years and over,2021,10,12 month-ending,10/31/2021,187,"131,774",141.9,
4/14/2024,United States,Age,40 years and over,2021,11,12 month-ending,11/30/2021,181,"133,226",135.9,
4/14/2024,United States,Age,40 years and over,2021,12,12 month-ending,12/31/2021,188,"135,735",138.5,
4/14/2024,United States,Age,40 years and over,2022,1,12 month-ending,1/31/2022,191,"137,995",138.4,
4/14/2024,United States,Age,40 years and over,2022,2,12 month-ending,2/28/2022,192,"139,291",137.8,
4/14/2024,United States,Age,40 years and over,2022,3,12 month-ending,3/31/2022,195,"140,394",138.9,
4/14/2024,United States,Age,40 years and over,2022,4,12 month-ending,4/30/2022,182,"140,830",129.2,
4/14/2024,United States,Age,40 years and over,2022,5,12 month-ending,5/31/2022,178,"141,608",125.7,
4/14/2024,United States,Age,40 years and over,2022,6,12 month-ending,6/30/2022,182,"141,820",128.3,
4/14/2024,United States,Age,40 years and over,2022,7,12 month-ending,7/31/2022,182,"142,218",128,
4/14/2024,United States,Age,40 years and over,2022,8,12 month-ending,8/31/2022,167,"142,845",116.9,
4/14/2024,United States,Age,40 years and over,2022,9,12 month-ending,9/30/2022,153,"143,073",106.9,
4/14/2024,United States,Age,40 years and over,2022,10,12 month-ending,10/31/2022,147,"143,273",102.6,
4/14/2024,United States,Age,40 years and over,2022,11,12 month-ending,11/30/2022,140,"144,165",97.1,
4/14/2024,United States,Age,40 years and over,2022,12,12 month-ending,12/31/2022,126,"144,657",87.1,
4/14/2024,United States,Age,40 years and over,2023,1,12 month-ending,1/31/2023,116,"145,393",79.8,
4/14/2024,United States,Age,40 years and over,2023,2,12 month-ending,2/28/2023,114,"145,501",78.3,
4/14/2024,United States,Age,40 years and over,2023,3,12 month-ending,3/31/2023,112,"145,399",77,
4/14/2024,United States,Age,40 years and over,2023,4,12 month-ending,4/30/2023,108,"145,452",74.3,
4/14/2024,United States,Age,40 years and over,2023,5,12 month-ending,5/31/2023,102,"146,010",69.9,
4/14/2024,United States,Age,40 years and over,2023,6,12 month-ending,6/30/2023,99,"146,474",67.6,
4/14/2024,United States,Age,40 years and over,2023,7,12 month-ending,7/31/2023,94,"146,404",64.2,
4/14/2024,United States,Age,40 years and over,2023,8,12 month-ending,8/31/2023,96,"146,585",65.5,
4/14/2024,United States,Age,40 years and over,2023,9,12 month-ending,9/30/2023,91,"146,800",62,
4/14/2024,United States,Age,40 years and over,2023,10,12 month-ending,10/31/2023,87,"147,414",59,
4/14/2024,United States,Age,40 years and over,2023,11,12 month-ending,11/30/2023,87,"147,314",59.1,
4/14/2024,United States,Age,40 years and over,2023,12,12 month-ending,12/31/2023,94,"147,016",63.9,
4/14/2024,United States,Race and Hispanic origin,Hispanic,2019,1,12 month-ending,1/31/2019,90,"885,705",10.2,
4/14/2024,United States,Race and Hispanic origin,Hispanic,2019,2,12 month-ending,2/28/2019,90,"885,333",10.2,
4/14/2024,United States,Race and Hispanic origin,Hispanic,2019,3,12 month-ending,3/31/2019,89,"883,687",10.1,
4/14/2024,United States,Race and Hispanic origin,Hispanic,2019,4,12 month-ending,4/30/2019,96,"884,928",10.8,
4/14/2024,United States,Race and Hispanic origin,Hispanic,2019,5,12 month-ending,5/31/2019,103,"884,930",11.6,
4/14/2024,United States,Race and Hispanic origin,Hispanic,2019,6,12 month-ending,6/30/2019,105,"883,801",11.9,
4/14/2024,United States,Race and Hispanic origin,Hispanic,2019,7,12 month-ending,7/31/2019,100,"885,160",11.3,
4/14/2024,United States,Race and Hispanic origin,Hispanic,2019,8,12 month-ending,8/31/2019,100,"885,671",11.3,
4/14/2024,United States,Race and Hispanic origin,Hispanic,2019,9,12 month-ending,9/30/2019,96,"887,617",10.8,
4/14/2024,United States,Race and Hispanic origin,Hispanic,2019,10,12 month-ending,10/31/2019,103,"888,275",11.6,
4/14/2024,United States,Race and Hispanic origin,Hispanic,2019,11,12 month-ending,11/30/2019,109,"886,231",12.3,
4/14/2024,United States,Race and Hispanic origin,Hispanic,2019,12,12 month-ending,12/31/2019,112,"886,467",12.6,
4/14/2024,United States,Race and Hispanic origin,Hispanic,2020,1,12 month-ending,1/31/2020,110,"886,326",12.4,
4/14/2024,United States,Race and Hispanic origin,Hispanic,2020,2,12 month-ending,2/29/2020,114,"888,125",12.8,
4/14/2024,United States,Race and Hispanic origin,Hispanic,2020,3,12 month-ending,3/31/2020,115,"888,044",12.9,
4/14/2024,United States,Race and Hispanic origin,Hispanic,2020,4,12 month-ending,4/30/2020,120,"887,527",13.5,
4/14/2024,United States,Race and Hispanic origin,Hispanic,2020,5,12 month-ending,5/31/2020,118,"884,865",13.3,
4/14/2024,United States,Race and Hispanic origin,Hispanic,2020,6,12 month-ending,6/30/2020,123,"885,039",13.9,
4/14/2024,United States,Race and Hispanic origin,Hispanic,2020,7,12 month-ending,7/31/2020,136,"883,239",15.4,
4/14/2024,United States,Race and Hispanic origin,Hispanic,2020,8,12 month-ending,8/31/2020,142,"878,704",16.2,
4/14/2024,United States,Race and Hispanic origin,Hispanic,2020,9,12 month-ending,9/30/2020,148,"876,283",16.9,
4/14/2024,United States,Race and Hispanic origin,Hispanic,2020,10,12 month-ending,10/31/2020,153,"872,928",17.5,
4/14/2024,United States,Race and Hispanic origin,Hispanic,2020,11,12 month-ending,11/30/2020,150,"871,249",17.2,
4/14/2024,United States,Race and Hispanic origin,Hispanic,2020,12,12 month-ending,12/31/2020,158,"866,713",18.2,
4/14/2024,United States,Race and Hispanic origin,Hispanic,2021,1,12 month-ending,1/31/2021,177,"858,833",20.6,
4/14/2024,United States,Race and Hispanic origin,Hispanic,2021,2,12 month-ending,2/28/2021,180,"853,365",21.1,
4/14/2024,United States,Race and Hispanic origin,Hispanic,2021,3,12 month-ending,3/31/2021,186,"853,143",21.8,
4/14/2024,United States,Race and Hispanic origin,Hispanic,2021,4,12 month-ending,4/30/2021,179,"853,483",21,
4/14/2024,United States,Race and Hispanic origin,Hispanic,2021,5,12 month-ending,5/31/2021,179,"854,389",21,
4/14/2024,United States,Race and Hispanic origin,Hispanic,2021,6,12 month-ending,6/30/2021,174,"856,973",20.3,
4/14/2024,United States,Race and Hispanic origin,Hispanic,2021,7,12 month-ending,7/31/2021,172,"858,586",20,
4/14/2024,United States,Race and Hispanic origin,Hispanic,2021,8,12 month-ending,8/31/2021,191,"861,675",22.2,
4/14/2024,United States,Race and Hispanic origin,Hispanic,2021,9,12 month-ending,9/30/2021,216,"866,414",24.9,
4/14/2024,United States,Race and Hispanic origin,Hispanic,2021,10,12 month-ending,10/31/2021,230,"870,471",26.4,
4/14/2024,United States,Race and Hispanic origin,Hispanic,2021,11,12 month-ending,11/30/2021,250,"876,537",28.5,
4/14/2024,United States,Race and Hispanic origin,Hispanic,2021,12,12 month-ending,12/31/2021,248,"885,916",28,
4/14/2024,United States,Race and Hispanic origin,Hispanic,2022,1,12 month-ending,1/31/2022,251,"896,321",28,
4/14/2024,United States,Race and Hispanic origin,Hispanic,2022,2,12 month-ending,2/28/2022,248,"903,407",27.5,
4/14/2024,United States,Race and Hispanic origin,Hispanic,2022,3,12 month-ending,3/31/2022,245,"909,698",26.9,
4/14/2024,United States,Race and Hispanic origin,Hispanic,2022,4,12 month-ending,4/30/2022,242,"912,392",26.5,
4/14/2024,United States,Race and Hispanic origin,Hispanic,2022,5,12 month-ending,5/31/2022,240,"915,616",26.2,
4/14/2024,United States,Race and Hispanic origin,Hispanic,2022,6,12 month-ending,6/30/2022,245,"918,568",26.7,
4/14/2024,United States,Race and Hispanic origin,Hispanic,2022,7,12 month-ending,7/31/2022,240,"922,141",26,
4/14/2024,United States,Race and Hispanic origin,Hispanic,2022,8,12 month-ending,8/31/2022,216,"928,342",23.3,
4/14/2024,United States,Race and Hispanic origin,Hispanic,2022,9,12 month-ending,9/30/2022,184,"928,585",19.8,
4/14/2024,United States,Race and Hispanic origin,Hispanic,2022,10,12 month-ending,10/31/2022,168,"930,032",18.1,
4/14/2024,United States,Race and Hispanic origin,Hispanic,2022,11,12 month-ending,11/30/2022,155,"934,331",16.6,
4/14/2024,United States,Race and Hispanic origin,Hispanic,2022,12,12 month-ending,12/31/2022,158,"937,421",16.9,
4/14/2024,United States,Race and Hispanic origin,Hispanic,2023,1,12 month-ending,1/31/2023,145,"939,675",15.4,
4/14/2024,United States,Race and Hispanic origin,Hispanic,2023,2,12 month-ending,2/28/2023,143,"940,574",15.2,
4/14/2024,United States,Race and Hispanic origin,Hispanic,2023,3,12 month-ending,3/31/2023,139,"940,523",14.8,
4/14/2024,United States,Race and Hispanic origin,Hispanic,2023,4,12 month-ending,4/30/2023,142,"940,535",15.1,
4/14/2024,United States,Race and Hispanic origin,Hispanic,2023,5,12 month-ending,5/31/2023,133,"943,154",14.1,
4/14/2024,United States,Race and Hispanic origin,Hispanic,2023,6,12 month-ending,6/30/2023,128,"944,122",13.6,
4/14/2024,United States,Race and Hispanic origin,Hispanic,2023,7,12 month-ending,7/31/2023,125,"943,715",13.2,
4/14/2024,United States,Race and Hispanic origin,Hispanic,2023,8,12 month-ending,8/31/2023,125,"942,681",13.3,
4/14/2024,United States,Race and Hispanic origin,Hispanic,2023,9,12 month-ending,9/30/2023,131,"943,783",13.9,
4/14/2024,United States,Race and Hispanic origin,Hispanic,2023,10,12 month-ending,10/31/2023,130,"946,353",13.7,
4/14/2024,United States,Race and Hispanic origin,Hispanic,2023,11,12 month-ending,11/30/2023,127,"947,023",13.4,
4/14/2024,United States,Race and Hispanic origin,Hispanic,2023,12,12 month-ending,12/31/2023,122,"944,966",12.9,
4/14/2024,United States,Race and Hispanic origin,"American Indian or Alaska Native, Non-Hispanic",2019,1,12 month-ending,1/31/2019,,"29,190",,Data counts between 1-9 have been suppressed in accordance with NCHS confidentiality standards.
4/14/2024,United States,Race and Hispanic origin,"American Indian or Alaska Native, Non-Hispanic",2019,2,12 month-ending,2/28/2019,,"29,142",,Data counts between 1-9 have been suppressed in accordance with NCHS confidentiality standards.
4/14/2024,United States,Race and Hispanic origin,"American Indian or Alaska Native, Non-Hispanic",2019,3,12 month-ending,3/31/2019,,"29,020",,Data counts between 1-9 have been suppressed in accordance with NCHS confidentiality standards.
4/14/2024,United States,Race and Hispanic origin,"American Indian or Alaska Native, Non-Hispanic",2019,4,12 month-ending,4/30/2019,,"29,173",,Data counts between 1-9 have been suppressed in accordance with NCHS confidentiality standards.
4/14/2024,United States,Race and Hispanic origin,"American Indian or Alaska Native, Non-Hispanic",2019,5,12 month-ending,5/31/2019,12,"29,194",,Rates for deaths counts <20 are unreliable.
4/14/2024,United States,Race and Hispanic origin,"American Indian or Alaska Native, Non-Hispanic",2019,6,12 month-ending,6/30/2019,11,"29,067",,Rates for deaths counts <20 are unreliable.
4/14/2024,United States,Race and Hispanic origin,"American Indian or Alaska Native, Non-Hispanic",2019,7,12 month-ending,7/31/2019,12,"28,996",,Rates for deaths counts <20 are unreliable.
4/14/2024,United States,Race and Hispanic origin,"American Indian or Alaska Native, Non-Hispanic",2019,8,12 month-ending,8/31/2019,14,"28,777",,Rates for deaths counts <20 are unreliable.
4/14/2024,United States,Race and Hispanic origin,"American Indian or Alaska Native, Non-Hispanic",2019,9,12 month-ending,9/30/2019,16,"28,807",,Rates for deaths counts <20 are unreliable.
4/14/2024,United States,Race and Hispanic origin,"American Indian or Alaska Native, Non-Hispanic",2019,10,12 month-ending,10/31/2019,15,"28,680",,Rates for deaths counts <20 are unreliable.
4/14/2024,United States,Race and Hispanic origin,"American Indian or Alaska Native, Non-Hispanic",2019,11,12 month-ending,11/30/2019,14,"28,472",,Rates for deaths counts <20 are unreliable.
4/14/2024,United States,Race and Hispanic origin,"American Indian or Alaska Native, Non-Hispanic",2019,12,12 month-ending,12/31/2019,14,"28,450",,Rates for deaths counts <20 are unreliable.
4/14/2024,United States,Race and Hispanic origin,"American Indian or Alaska Native, Non-Hispanic",2020,1,12 month-ending,1/31/2020,14,"28,217",,Rates for deaths counts <20 are unreliable.
4/14/2024,United States,Race and Hispanic origin,"American Indian or Alaska Native, Non-Hispanic",2020,2,12 month-ending,2/29/2020,14,"28,083",,Rates for deaths counts <20 are unreliable.
4/14/2024,United States,Race and Hispanic origin,"American Indian or Alaska Native, Non-Hispanic",2020,3,12 month-ending,3/31/2020,15,"27,964",,Rates for deaths counts <20 are unreliable.
4/14/2024,United States,Race and Hispanic origin,"American Indian or Alaska Native, Non-Hispanic",2020,4,12 month-ending,4/30/2020,16,"27,866",,Rates for deaths counts <20 are unreliable.
4/14/2024,United States,Race and Hispanic origin,"American Indian or Alaska Native, Non-Hispanic",2020,5,12 month-ending,5/31/2020,13,"27,724",,Rates for deaths counts <20 are unreliable.
4/14/2024,United States,Race and Hispanic origin,"American Indian or Alaska Native, Non-Hispanic",2020,6,12 month-ending,6/30/2020,15,"27,671",,Rates for deaths counts <20 are unreliable.
4/14/2024,United States,Race and Hispanic origin,"American Indian or Alaska Native, Non-Hispanic",2020,7,12 month-ending,7/31/2020,15,"27,570",,Rates for deaths counts <20 are unreliable.
4/14/2024,United States,Race and Hispanic origin,"American Indian or Alaska Native, Non-Hispanic",2020,8,12 month-ending,8/31/2020,13,"27,469",,Rates for deaths counts <20 are unreliable.
4/14/2024,United States,Race and Hispanic origin,"American Indian or Alaska Native, Non-Hispanic",2020,9,12 month-ending,9/30/2020,12,"27,338",,Rates for deaths counts <20 are unreliable.
4/14/2024,United States,Race and Hispanic origin,"American Indian or Alaska Native, Non-Hispanic",2020,10,12 month-ending,10/31/2020,12,"27,194",,Rates for deaths counts <20 are unreliable.
4/14/2024,United States,Race and Hispanic origin,"American Indian or Alaska Native, Non-Hispanic",2020,11,12 month-ending,11/30/2020,13,"27,029",,Rates for deaths counts <20 are unreliable.
4/14/2024,United States,Race and Hispanic origin,"American Indian or Alaska Native, Non-Hispanic",2020,12,12 month-ending,12/31/2020,13,"26,813",,Rates for deaths counts <20 are unreliable.
4/14/2024,United States,Race and Hispanic origin,"American Indian or Alaska Native, Non-Hispanic",2021,1,12 month-ending,1/31/2021,17,"26,657",,Rates for deaths counts <20 are unreliable.
4/14/2024,United States,Race and Hispanic origin,"American Indian or Alaska Native, Non-Hispanic",2021,2,12 month-ending,2/28/2021,18,"26,541",,Rates for deaths counts <20 are unreliable.
4/14/2024,United States,Race and Hispanic origin,"American Indian or Alaska Native, Non-Hispanic",2021,3,12 month-ending,3/31/2021,17,"26,512",,Rates for deaths counts <20 are unreliable.
4/14/2024,United States,Race and Hispanic origin,"American Indian or Alaska Native, Non-Hispanic",2021,4,12 month-ending,4/30/2021,16,"26,439",,Rates for deaths counts <20 are unreliable.
4/14/2024,United States,Race and Hispanic origin,"American Indian or Alaska Native, Non-Hispanic",2021,5,12 month-ending,5/31/2021,19,"26,247",,Rates for deaths counts <20 are unreliable.
4/14/2024,United States,Race and Hispanic origin,"American Indian or Alaska Native, Non-Hispanic",2021,6,12 month-ending,6/30/2021,18,"26,255",,Rates for deaths counts <20 are unreliable.
4/14/2024,United States,Race and Hispanic origin,"American Indian or Alaska Native, Non-Hispanic",2021,7,12 month-ending,7/31/2021,21,"26,182",80.2,
4/14/2024,United States,Race and Hispanic origin,"American Indian or Alaska Native, Non-Hispanic",2021,8,12 month-ending,8/31/2021,24,"26,075",92,
4/14/2024,United States,Race and Hispanic origin,"American Indian or Alaska Native, Non-Hispanic",2021,9,12 month-ending,9/30/2021,25,"26,078",95.9,
4/14/2024,United States,Race and Hispanic origin,"American Indian or Alaska Native, Non-Hispanic",2021,10,12 month-ending,10/31/2021,24,"26,068",92.1,
4/14/2024,United States,Race and Hispanic origin,"American Indian or Alaska Native, Non-Hispanic",2021,11,12 month-ending,11/30/2021,25,"26,101",95.8,
4/14/2024,United States,Race and Hispanic origin,"American Indian or Alaska Native, Non-Hispanic",2021,12,12 month-ending,12/31/2021,31,"26,124",118.7,
4/14/2024,United States,Race and Hispanic origin,"American Indian or Alaska Native, Non-Hispanic",2022,1,12 month-ending,1/31/2022,29,"26,168",110.8,
4/14/2024,United States,Race and Hispanic origin,"American Indian or Alaska Native, Non-Hispanic",2022,2,12 month-ending,2/28/2022,27,"26,173",103.2,
4/14/2024,United States,Race and Hispanic origin,"American Indian or Alaska Native, Non-Hispanic",2022,3,12 month-ending,3/31/2022,26,"26,170",99.4,
4/14/2024,United States,Race and Hispanic origin,"American Indian or Alaska Native, Non-Hispanic",2022,4,12 month-ending,4/30/2022,26,"25,945",100.2,
4/14/2024,United States,Race and Hispanic origin,"American Indian or Alaska Native, Non-Hispanic",2022,5,12 month-ending,5/31/2022,24,"25,971",92.4,
4/14/2024,United States,Race and Hispanic origin,"American Indian or Alaska Native, Non-Hispanic",2022,6,12 month-ending,6/30/2022,24,"25,858",92.8,
4/14/2024,United States,Race and Hispanic origin,"American Indian or Alaska Native, Non-Hispanic",2022,7,12 month-ending,7/31/2022,23,"25,812",89.1,
4/14/2024,United States,Race and Hispanic origin,"American Indian or Alaska Native, Non-Hispanic",2022,8,12 month-ending,8/31/2022,20,"25,776",77.6,
4/14/2024,United States,Race and Hispanic origin,"American Indian or Alaska Native, Non-Hispanic",2022,9,12 month-ending,9/30/2022,19,"25,593",,Rates for deaths counts <20 are unreliable.
4/14/2024,United States,Race and Hispanic origin,"American Indian or Alaska Native, Non-Hispanic",2022,10,12 month-ending,10/31/2022,19,"25,514",,Rates for deaths counts <20 are unreliable.
4/14/2024,United States,Race and Hispanic origin,"American Indian or Alaska Native, Non-Hispanic",2022,11,12 month-ending,11/30/2022,17,"25,659",,Rates for deaths counts <20 are unreliable.
4/14/2024,United States,Race and Hispanic origin,"American Indian or Alaska Native, Non-Hispanic",2022,12,12 month-ending,12/31/2022,12,"25,721",,Rates for deaths counts <20 are unreliable.
4/14/2024,United States,Race and Hispanic origin,"American Indian or Alaska Native, Non-Hispanic",2023,1,12 month-ending,1/31/2023,10,"25,762",,Rates for deaths counts <20 are unreliable.
4/14/2024,United States,Race and Hispanic origin,"American Indian or Alaska Native, Non-Hispanic",2023,2,12 month-ending,2/28/2023,10,"25,677",,Rates for deaths counts <20 are unreliable.
4/14/2024,United States,Race and Hispanic origin,"American Indian or Alaska Native, Non-Hispanic",2023,3,12 month-ending,3/31/2023,13,"25,557",,Rates for deaths counts <20 are unreliable.
4/14/2024,United States,Race and Hispanic origin,"American Indian or Alaska Native, Non-Hispanic",2023,4,12 month-ending,4/30/2023,13,"25,545",,Rates for deaths counts <20 are unreliable.
4/14/2024,United States,Race and Hispanic origin,"American Indian or Alaska Native, Non-Hispanic",2023,5,12 month-ending,5/31/2023,12,"25,481",,Rates for deaths counts <20 are unreliable.
4/14/2024,United States,Race and Hispanic origin,"American Indian or Alaska Native, Non-Hispanic",2023,6,12 month-ending,6/30/2023,12,"25,324",,Rates for deaths counts <20 are unreliable.
4/14/2024,United States,Race and Hispanic origin,"American Indian or Alaska Native, Non-Hispanic",2023,7,12 month-ending,7/31/2023,,"25,145",,Data counts between 1-9 have been suppressed in accordance with NCHS confidentiality standards.
4/14/2024,United States,Race and Hispanic origin,"American Indian or Alaska Native, Non-Hispanic",2023,8,12 month-ending,8/31/2023,,"24,964",,Data counts between 1-9 have been suppressed in accordance with NCHS confidentiality standards.
4/14/2024,United States,Race and Hispanic origin,"American Indian or Alaska Native, Non-Hispanic",2023,9,12 month-ending,9/30/2023,,"24,901",,Data counts between 1-9 have been suppressed in accordance with NCHS confidentiality standards.
4/14/2024,United States,Race and Hispanic origin,"American Indian or Alaska Native, Non-Hispanic",2023,10,12 month-ending,10/31/2023,10,"24,840",,Rates for deaths counts <20 are unreliable.
4/14/2024,United States,Race and Hispanic origin,"American Indian or Alaska Native, Non-Hispanic",2023,11,12 month-ending,11/30/2023,10,"24,739",,Rates for deaths counts <20 are unreliable.
4/14/2024,United States,Race and Hispanic origin,"American Indian or Alaska Native, Non-Hispanic",2023,12,12 month-ending,12/31/2023,10,"24,559",,Rates for deaths counts <20 are unreliable.
4/14/2024,United States,Race and Hispanic origin,"Asian, Non-Hispanic",2019,1,12 month-ending,1/31/2019,33,"239,787",13.8,
4/14/2024,United States,Race and Hispanic origin,"Asian, Non-Hispanic",2019,2,12 month-ending,2/28/2019,30,"239,619",12.5,
4/14/2024,United States,Race and Hispanic origin,"Asian, Non-Hispanic",2019,3,12 month-ending,3/31/2019,30,"239,116",12.5,
4/14/2024,United States,Race and Hispanic origin,"Asian, Non-Hispanic",2019,4,12 month-ending,4/30/2019,33,"239,023",13.8,
4/14/2024,United States,Race and Hispanic origin,"Asian, Non-Hispanic",2019,5,12 month-ending,5/31/2019,33,"238,550",13.8,
4/14/2024,United States,Race and Hispanic origin,"Asian, Non-Hispanic",2019,6,12 month-ending,6/30/2019,36,"238,251",15.1,
4/14/2024,United States,Race and Hispanic origin,"Asian, Non-Hispanic",2019,7,12 month-ending,7/31/2019,42,"238,472",17.6,
4/14/2024,United States,Race and Hispanic origin,"Asian, Non-Hispanic",2019,8,12 month-ending,8/31/2019,40,"238,444",16.8,
4/14/2024,United States,Race and Hispanic origin,"Asian, Non-Hispanic",2019,9,12 month-ending,9/30/2019,37,"238,270",15.5,
4/14/2024,United States,Race and Hispanic origin,"Asian, Non-Hispanic",2019,10,12 month-ending,10/31/2019,39,"238,837",16.3,
4/14/2024,United States,Race and Hispanic origin,"Asian, Non-Hispanic",2019,11,12 month-ending,11/30/2019,36,"238,565",15.1,
4/14/2024,United States,Race and Hispanic origin,"Asian, Non-Hispanic",2019,12,12 month-ending,12/31/2019,33,"238,769",13.8,
4/14/2024,United States,Race and Hispanic origin,"Asian, Non-Hispanic",2020,1,12 month-ending,1/31/2020,32,"238,444",13.4,
4/14/2024,United States,Race and Hispanic origin,"Asian, Non-Hispanic",2020,2,12 month-ending,2/29/2020,30,"238,147",12.6,
4/14/2024,United States,Race and Hispanic origin,"Asian, Non-Hispanic",2020,3,12 month-ending,3/31/2020,27,"237,505",11.4,
4/14/2024,United States,Race and Hispanic origin,"Asian, Non-Hispanic",2020,4,12 month-ending,4/30/2020,25,"236,230",10.6,
4/14/2024,United States,Race and Hispanic origin,"Asian, Non-Hispanic",2020,5,12 month-ending,5/31/2020,30,"234,758",12.8,
4/14/2024,United States,Race and Hispanic origin,"Asian, Non-Hispanic",2020,6,12 month-ending,6/30/2020,30,"233,291",12.9,
4/14/2024,United States,Race and Hispanic origin,"Asian, Non-Hispanic",2020,7,12 month-ending,7/31/2020,26,"231,814",11.2,
4/14/2024,United States,Race and Hispanic origin,"Asian, Non-Hispanic",2020,8,12 month-ending,8/31/2020,27,"229,563",11.8,
4/14/2024,United States,Race and Hispanic origin,"Asian, Non-Hispanic",2020,9,12 month-ending,9/30/2020,28,"227,925",12.3,
4/14/2024,United States,Race and Hispanic origin,"Asian, Non-Hispanic",2020,10,12 month-ending,10/31/2020,28,"225,327",12.4,
4/14/2024,United States,Race and Hispanic origin,"Asian, Non-Hispanic",2020,11,12 month-ending,11/30/2020,29,"222,797",13,
4/14/2024,United States,Race and Hispanic origin,"Asian, Non-Hispanic",2020,12,12 month-ending,12/31/2020,27,"219,068",12.3,
4/14/2024,United States,Race and Hispanic origin,"Asian, Non-Hispanic",2021,1,12 month-ending,1/31/2021,29,"215,424",13.5,
4/14/2024,United States,Race and Hispanic origin,"Asian, Non-Hispanic",2021,2,12 month-ending,2/28/2021,30,"213,165",14.1,
4/14/2024,United States,Race and Hispanic origin,"Asian, Non-Hispanic",2021,3,12 month-ending,3/31/2021,31,"211,927",14.6,
4/14/2024,United States,Race and Hispanic origin,"Asian, Non-Hispanic",2021,4,12 month-ending,4/30/2021,30,"211,463",14.2,
4/14/2024,United States,Race and Hispanic origin,"Asian, Non-Hispanic",2021,5,12 month-ending,5/31/2021,28,"210,376",13.3,
4/14/2024,United States,Race and Hispanic origin,"Asian, Non-Hispanic",2021,6,12 month-ending,6/30/2021,27,"210,739",12.8,
4/14/2024,United States,Race and Hispanic origin,"Asian, Non-Hispanic",2021,7,12 month-ending,7/31/2021,25,"210,446",11.9,
4/14/2024,United States,Race and Hispanic origin,"Asian, Non-Hispanic",2021,8,12 month-ending,8/31/2021,28,"210,732",13.3,
4/14/2024,United States,Race and Hispanic origin,"Asian, Non-Hispanic",2021,9,12 month-ending,9/30/2021,30,"210,980",14.2,
4/14/2024,United States,Race and Hispanic origin,"Asian, Non-Hispanic",2021,10,12 month-ending,10/31/2021,30,"211,062",14.2,
4/14/2024,United States,Race and Hispanic origin,"Asian, Non-Hispanic",2021,11,12 month-ending,11/30/2021,28,"211,966",13.2,
4/14/2024,United States,Race and Hispanic origin,"Asian, Non-Hispanic",2021,12,12 month-ending,12/31/2021,36,"213,813",16.8,
4/14/2024,United States,Race and Hispanic origin,"Asian, Non-Hispanic",2022,1,12 month-ending,1/31/2022,41,"215,574",19,
4/14/2024,United States,Race and Hispanic origin,"Asian, Non-Hispanic",2022,2,12 month-ending,2/28/2022,42,"216,715",19.4,
4/14/2024,United States,Race and Hispanic origin,"Asian, Non-Hispanic",2022,3,12 month-ending,3/31/2022,43,"217,264",19.8,
4/14/2024,United States,Race and Hispanic origin,"Asian, Non-Hispanic",2022,4,12 month-ending,4/30/2022,43,"217,629",19.8,
4/14/2024,United States,Race and Hispanic origin,"Asian, Non-Hispanic",2022,5,12 month-ending,5/31/2022,42,"218,588",19.2,
4/14/2024,United States,Race and Hispanic origin,"Asian, Non-Hispanic",2022,6,12 month-ending,6/30/2022,39,"218,386",17.9,
4/14/2024,United States,Race and Hispanic origin,"Asian, Non-Hispanic",2022,7,12 month-ending,7/31/2022,39,"218,255",17.9,
4/14/2024,United States,Race and Hispanic origin,"Asian, Non-Hispanic",2022,8,12 month-ending,8/31/2022,36,"218,541",16.5,
4/14/2024,United States,Race and Hispanic origin,"Asian, Non-Hispanic",2022,9,12 month-ending,9/30/2022,34,"218,405",15.6,
4/14/2024,United States,Race and Hispanic origin,"Asian, Non-Hispanic",2022,10,12 month-ending,10/31/2022,34,"218,194",15.6,
4/14/2024,United States,Race and Hispanic origin,"Asian, Non-Hispanic",2022,11,12 month-ending,11/30/2022,35,"218,582",16,
4/14/2024,United States,Race and Hispanic origin,"Asian, Non-Hispanic",2022,12,12 month-ending,12/31/2022,29,"218,994",13.2,
4/14/2024,United States,Race and Hispanic origin,"Asian, Non-Hispanic",2023,1,12 month-ending,1/31/2023,23,"219,470",10.5,
4/14/2024,United States,Race and Hispanic origin,"Asian, Non-Hispanic",2023,2,12 month-ending,2/28/2023,22,"218,984",10,
4/14/2024,United States,Race and Hispanic origin,"Asian, Non-Hispanic",2023,3,12 month-ending,3/31/2023,20,"218,593",9.1,
4/14/2024,United States,Race and Hispanic origin,"Asian, Non-Hispanic",2023,4,12 month-ending,4/30/2023,23,"217,875",10.6,
4/14/2024,United States,Race and Hispanic origin,"Asian, Non-Hispanic",2023,5,12 month-ending,5/31/2023,21,"217,325",9.7,
4/14/2024,United States,Race and Hispanic origin,"Asian, Non-Hispanic",2023,6,12 month-ending,6/30/2023,22,"217,396",10.1,
4/14/2024,United States,Race and Hispanic origin,"Asian, Non-Hispanic",2023,7,12 month-ending,7/31/2023,25,"216,999",11.5,
4/14/2024,United States,Race and Hispanic origin,"Asian, Non-Hispanic",2023,8,12 month-ending,8/31/2023,24,"216,533",11.1,
4/14/2024,United States,Race and Hispanic origin,"Asian, Non-Hispanic",2023,9,12 month-ending,9/30/2023,22,"216,225",10.2,
4/14/2024,United States,Race and Hispanic origin,"Asian, Non-Hispanic",2023,10,12 month-ending,10/31/2023,22,"216,717",10.2,
4/14/2024,United States,Race and Hispanic origin,"Asian, Non-Hispanic",2023,11,12 month-ending,11/30/2023,22,"216,395",10.2,
4/14/2024,United States,Race and Hispanic origin,"Asian, Non-Hispanic",2023,12,12 month-ending,12/31/2023,24,"215,670",11.1,
4/14/2024,United States,Race and Hispanic origin,"Black, Non-Hispanic",2019,1,12 month-ending,1/31/2019,221,"551,756",40.1,
4/14/2024,United States,Race and Hispanic origin,"Black, Non-Hispanic",2019,2,12 month-ending,2/28/2019,221,"550,689",40.1,
4/14/2024,United States,Race and Hispanic origin,"Black, Non-Hispanic",2019,3,12 month-ending,3/31/2019,216,"548,352",39.4,
4/14/2024,United States,Race and Hispanic origin,"Black, Non-Hispanic",2019,4,12 month-ending,4/30/2019,210,"548,103",38.3,
4/14/2024,United States,Race and Hispanic origin,"Black, Non-Hispanic",2019,5,12 month-ending,5/31/2019,216,"547,589",39.4,
4/14/2024,United States,Race and Hispanic origin,"Black, Non-Hispanic",2019,6,12 month-ending,6/30/2019,224,"545,364",41.1,
4/14/2024,United States,Race and Hispanic origin,"Black, Non-Hispanic",2019,7,12 month-ending,7/31/2019,224,"546,548",41,
4/14/2024,United States,Race and Hispanic origin,"Black, Non-Hispanic",2019,8,12 month-ending,8/31/2019,232,"546,919",42.4,
4/14/2024,United States,Race and Hispanic origin,"Black, Non-Hispanic",2019,9,12 month-ending,9/30/2019,236,"547,830",43.1,
4/14/2024,United States,Race and Hispanic origin,"Black, Non-Hispanic",2019,10,12 month-ending,10/31/2019,235,"547,930",42.9,
4/14/2024,United States,Race and Hispanic origin,"Black, Non-Hispanic",2019,11,12 month-ending,11/30/2019,241,"547,528",44,
4/14/2024,United States,Race and Hispanic origin,"Black, Non-Hispanic",2019,12,12 month-ending,12/31/2019,241,"548,075",44,
4/14/2024,United States,Race and Hispanic origin,"Black, Non-Hispanic",2020,1,12 month-ending,1/31/2020,233,"546,945",42.6,
4/14/2024,United States,Race and Hispanic origin,"Black, Non-Hispanic",2020,2,12 month-ending,2/29/2020,229,"547,485",41.8,
4/14/2024,United States,Race and Hispanic origin,"Black, Non-Hispanic",2020,3,12 month-ending,3/31/2020,243,"547,493",44.4,
4/14/2024,United States,Race and Hispanic origin,"Black, Non-Hispanic",2020,4,12 month-ending,4/30/2020,262,"546,737",47.9,
4/14/2024,United States,Race and Hispanic origin,"Black, Non-Hispanic",2020,5,12 month-ending,5/31/2020,266,"545,152",48.8,
4/14/2024,United States,Race and Hispanic origin,"Black, Non-Hispanic",2020,6,12 month-ending,6/30/2020,264,"545,720",48.4,
4/14/2024,United States,Race and Hispanic origin,"Black, Non-Hispanic",2020,7,12 month-ending,7/31/2020,267,"544,025",49.1,
4/14/2024,United States,Race and Hispanic origin,"Black, Non-Hispanic",2020,8,12 month-ending,8/31/2020,262,"540,741",48.5,
4/14/2024,United States,Race and Hispanic origin,"Black, Non-Hispanic",2020,9,12 month-ending,9/30/2020,271,"538,342",50.3,
4/14/2024,United States,Race and Hispanic origin,"Black, Non-Hispanic",2020,10,12 month-ending,10/31/2020,280,"535,444",52.3,
4/14/2024,United States,Race and Hispanic origin,"Black, Non-Hispanic",2020,11,12 month-ending,11/30/2020,278,"532,744",52.2,
4/14/2024,United States,Race and Hispanic origin,"Black, Non-Hispanic",2020,12,12 month-ending,12/31/2020,293,"529,811",55.3,
4/14/2024,United States,Race and Hispanic origin,"Black, Non-Hispanic",2021,1,12 month-ending,1/31/2021,294,"524,803",56,
4/14/2024,United States,Race and Hispanic origin,"Black, Non-Hispanic",2021,2,12 month-ending,2/28/2021,300,"521,448",57.5,
4/14/2024,United States,Race and Hispanic origin,"Black, Non-Hispanic",2021,3,12 month-ending,3/31/2021,299,"519,918",57.5,
4/14/2024,United States,Race and Hispanic origin,"Black, Non-Hispanic",2021,4,12 month-ending,4/30/2021,296,"518,471",57.1,
4/14/2024,United States,Race and Hispanic origin,"Black, Non-Hispanic",2021,5,12 month-ending,5/31/2021,298,"516,581",57.7,
4/14/2024,United States,Race and Hispanic origin,"Black, Non-Hispanic",2021,6,12 month-ending,6/30/2021,302,"516,574",58.5,
4/14/2024,United States,Race and Hispanic origin,"Black, Non-Hispanic",2021,7,12 month-ending,7/31/2021,307,"516,192",59.5,
4/14/2024,United States,Race and Hispanic origin,"Black, Non-Hispanic",2021,8,12 month-ending,8/31/2021,329,"515,913",63.8,
4/14/2024,United States,Race and Hispanic origin,"Black, Non-Hispanic",2021,9,12 month-ending,9/30/2021,355,"516,778",68.7,
4/14/2024,United States,Race and Hispanic origin,"Black, Non-Hispanic",2021,10,12 month-ending,10/31/2021,363,"516,861",70.2,
4/14/2024,United States,Race and Hispanic origin,"Black, Non-Hispanic",2021,11,12 month-ending,11/30/2021,359,"517,117",69.4,
4/14/2024,United States,Race and Hispanic origin,"Black, Non-Hispanic",2021,12,12 month-ending,12/31/2021,362,"517,889",69.9,
4/14/2024,United States,Race and Hispanic origin,"Black, Non-Hispanic",2022,1,12 month-ending,1/31/2022,374,"519,334",72,
4/14/2024,United States,Race and Hispanic origin,"Black, Non-Hispanic",2022,2,12 month-ending,2/28/2022,378,"519,970",72.7,
4/14/2024,United States,Race and Hispanic origin,"Black, Non-Hispanic",2022,3,12 month-ending,3/31/2022,365,"520,923",70.1,
4/14/2024,United States,Race and Hispanic origin,"Black, Non-Hispanic",2022,4,12 month-ending,4/30/2022,356,"520,610",68.4,
4/14/2024,United States,Race and Hispanic origin,"Black, Non-Hispanic",2022,5,12 month-ending,5/31/2022,346,"519,449",66.6,
4/14/2024,United States,Race and Hispanic origin,"Black, Non-Hispanic",2022,6,12 month-ending,6/30/2022,340,"517,957",65.6,
4/14/2024,United States,Race and Hispanic origin,"Black, Non-Hispanic",2022,7,12 month-ending,7/31/2022,332,"516,469",64.3,
4/14/2024,United States,Race and Hispanic origin,"Black, Non-Hispanic",2022,8,12 month-ending,8/31/2022,307,"516,914",59.4,
4/14/2024,United States,Race and Hispanic origin,"Black, Non-Hispanic",2022,9,12 month-ending,9/30/2022,275,"513,223",53.6,
4/14/2024,United States,Race and Hispanic origin,"Black, Non-Hispanic",2022,10,12 month-ending,10/31/2022,265,"510,428",51.9,
4/14/2024,United States,Race and Hispanic origin,"Black, Non-Hispanic",2022,11,12 month-ending,11/30/2022,270,"511,342",52.8,
4/14/2024,United States,Race and Hispanic origin,"Black, Non-Hispanic",2022,12,12 month-ending,12/31/2022,253,"511,439",49.5,
4/14/2024,United States,Race and Hispanic origin,"Black, Non-Hispanic",2023,1,12 month-ending,1/31/2023,244,"512,186",47.6,
4/14/2024,United States,Race and Hispanic origin,"Black, Non-Hispanic",2023,2,12 month-ending,2/28/2023,246,"511,524",48.1,
4/14/2024,United States,Race and Hispanic origin,"Black, Non-Hispanic",2023,3,12 month-ending,3/31/2023,264,"509,734",51.8,
4/14/2024,United States,Race and Hispanic origin,"Black, Non-Hispanic",2023,4,12 month-ending,4/30/2023,270,"507,439",53.2,
4/14/2024,United States,Race and Hispanic origin,"Black, Non-Hispanic",2023,5,12 month-ending,5/31/2023,261,"507,023",51.5,
4/14/2024,United States,Race and Hispanic origin,"Black, Non-Hispanic",2023,6,12 month-ending,6/30/2023,260,"505,987",51.4,
4/14/2024,United States,Race and Hispanic origin,"Black, Non-Hispanic",2023,7,12 month-ending,7/31/2023,266,"503,533",52.8,
4/14/2024,United States,Race and Hispanic origin,"Black, Non-Hispanic",2023,8,12 month-ending,8/31/2023,251,"499,907",50.2,
4/14/2024,United States,Race and Hispanic origin,"Black, Non-Hispanic",2023,9,12 month-ending,9/30/2023,250,"498,747",50.1,
4/14/2024,United States,Race and Hispanic origin,"Black, Non-Hispanic",2023,10,12 month-ending,10/31/2023,245,"498,419",49.2,
4/14/2024,United States,Race and Hispanic origin,"Black, Non-Hispanic",2023,11,12 month-ending,11/30/2023,243,"495,225",49.1,
4/14/2024,United States,Race and Hispanic origin,"Black, Non-Hispanic",2023,12,12 month-ending,12/31/2023,251,"491,306",51.1,
4/14/2024,United States,Race and Hispanic origin,"Native Hawaiian or Other Pacific Islander, Non-Hispanic",2019,1,12 month-ending,1/31/2019,,"9,476",,Data counts between 1-9 have been suppressed in accordance with NCHS confidentiality standards.
4/14/2024,United States,Race and Hispanic origin,"Native Hawaiian or Other Pacific Islander, Non-Hispanic",2019,2,12 month-ending,2/28/2019,,"9,552",,Data counts between 1-9 have been suppressed in accordance with NCHS confidentiality standards.
4/14/2024,United States,Race and Hispanic origin,"Native Hawaiian or Other Pacific Islander, Non-Hispanic",2019,3,12 month-ending,3/31/2019,,"9,556",,Data counts between 1-9 have been suppressed in accordance with NCHS confidentiality standards.
4/14/2024,United States,Race and Hispanic origin,"Native Hawaiian or Other Pacific Islander, Non-Hispanic",2019,4,12 month-ending,4/30/2019,,"9,508",,Data counts between 1-9 have been suppressed in accordance with NCHS confidentiality standards.
4/14/2024,United States,Race and Hispanic origin,"Native Hawaiian or Other Pacific Islander, Non-Hispanic",2019,5,12 month-ending,5/31/2019,,"9,559",,Data counts between 1-9 have been suppressed in accordance with NCHS confidentiality standards.
4/14/2024,United States,Race and Hispanic origin,"Native Hawaiian or Other Pacific Islander, Non-Hispanic",2019,6,12 month-ending,6/30/2019,,"9,524",,Data counts between 1-9 have been suppressed in accordance with NCHS confidentiality standards.
4/14/2024,United States,Race and Hispanic origin,"Native Hawaiian or Other Pacific Islander, Non-Hispanic",2019,7,12 month-ending,7/31/2019,,"9,564",,Data counts between 1-9 have been suppressed in accordance with NCHS confidentiality standards.
4/14/2024,United States,Race and Hispanic origin,"Native Hawaiian or Other Pacific Islander, Non-Hispanic",2019,8,12 month-ending,8/31/2019,,"9,613",,Data counts between 1-9 have been suppressed in accordance with NCHS confidentiality standards.
4/14/2024,United States,Race and Hispanic origin,"Native Hawaiian or Other Pacific Islander, Non-Hispanic",2019,9,12 month-ending,9/30/2019,,"9,623",,Data counts between 1-9 have been suppressed in accordance with NCHS confidentiality standards.
4/14/2024,United States,Race and Hispanic origin,"Native Hawaiian or Other Pacific Islander, Non-Hispanic",2019,10,12 month-ending,10/31/2019,,"9,681",,Data counts between 1-9 have been suppressed in accordance with NCHS confidentiality standards.
4/14/2024,United States,Race and Hispanic origin,"Native Hawaiian or Other Pacific Islander, Non-Hispanic",2019,11,12 month-ending,11/30/2019,,"9,672",,Data counts between 1-9 have been suppressed in accordance with NCHS confidentiality standards.
4/14/2024,United States,Race and Hispanic origin,"Native Hawaiian or Other Pacific Islander, Non-Hispanic",2019,12,12 month-ending,12/31/2019,,"9,770",,Data counts between 1-9 have been suppressed in accordance with NCHS confidentiality standards.
4/14/2024,United States,Race and Hispanic origin,"Native Hawaiian or Other Pacific Islander, Non-Hispanic",2020,1,12 month-ending,1/31/2020,,"9,783",,Data counts between 1-9 have been suppressed in accordance with NCHS confidentiality standards.
4/14/2024,United States,Race and Hispanic origin,"Native Hawaiian or Other Pacific Islander, Non-Hispanic",2020,2,12 month-ending,2/29/2020,,"9,807",,Data counts between 1-9 have been suppressed in accordance with NCHS confidentiality standards.
4/14/2024,United States,Race and Hispanic origin,"Native Hawaiian or Other Pacific Islander, Non-Hispanic",2020,3,12 month-ending,3/31/2020,,"9,787",,Data counts between 1-9 have been suppressed in accordance with NCHS confidentiality standards.
4/14/2024,United States,Race and Hispanic origin,"Native Hawaiian or Other Pacific Islander, Non-Hispanic",2020,4,12 month-ending,4/30/2020,,"9,754",,Data counts between 1-9 have been suppressed in accordance with NCHS confidentiality standards.
4/14/2024,United States,Race and Hispanic origin,"Native Hawaiian or Other Pacific Islander, Non-Hispanic",2020,5,12 month-ending,5/31/2020,,"9,727",,Data counts between 1-9 have been suppressed in accordance with NCHS confidentiality standards.
4/14/2024,United States,Race and Hispanic origin,"Native Hawaiian or Other Pacific Islander, Non-Hispanic",2020,6,12 month-ending,6/30/2020,,"9,740",,Data counts between 1-9 have been suppressed in accordance with NCHS confidentiality standards.
4/14/2024,United States,Race and Hispanic origin,"Native Hawaiian or Other Pacific Islander, Non-Hispanic",2020,7,12 month-ending,7/31/2020,,"9,735",,Data counts between 1-9 have been suppressed in accordance with NCHS confidentiality standards.
4/14/2024,United States,Race and Hispanic origin,"Native Hawaiian or Other Pacific Islander, Non-Hispanic",2020,8,12 month-ending,8/31/2020,,"9,698",,Data counts between 1-9 have been suppressed in accordance with NCHS confidentiality standards.
4/14/2024,United States,Race and Hispanic origin,"Native Hawaiian or Other Pacific Islander, Non-Hispanic",2020,9,12 month-ending,9/30/2020,,"9,681",,Data counts between 1-9 have been suppressed in accordance with NCHS confidentiality standards.
4/14/2024,United States,Race and Hispanic origin,"Native Hawaiian or Other Pacific Islander, Non-Hispanic",2020,10,12 month-ending,10/31/2020,,"9,653",,Data counts between 1-9 have been suppressed in accordance with NCHS confidentiality standards.
4/14/2024,United States,Race and Hispanic origin,"Native Hawaiian or Other Pacific Islander, Non-Hispanic",2020,11,12 month-ending,11/30/2020,,"9,681",,Data counts between 1-9 have been suppressed in accordance with NCHS confidentiality standards.
4/14/2024,United States,Race and Hispanic origin,"Native Hawaiian or Other Pacific Islander, Non-Hispanic",2020,12,12 month-ending,12/31/2020,,"9,626",,Data counts between 1-9 have been suppressed in accordance with NCHS confidentiality standards.
4/14/2024,United States,Race and Hispanic origin,"Native Hawaiian or Other Pacific Islander, Non-Hispanic",2021,1,12 month-ending,1/31/2021,,"9,622",,Data counts between 1-9 have been suppressed in accordance with NCHS confidentiality standards.
4/14/2024,United States,Race and Hispanic origin,"Native Hawaiian or Other Pacific Islander, Non-Hispanic",2021,2,12 month-ending,2/28/2021,,"9,453",,Data counts between 1-9 have been suppressed in accordance with NCHS confidentiality standards.
4/14/2024,United States,Race and Hispanic origin,"Native Hawaiian or Other Pacific Islander, Non-Hispanic",2021,3,12 month-ending,3/31/2021,,"9,411",,Data counts between 1-9 have been suppressed in accordance with NCHS confidentiality standards.
4/14/2024,United States,Race and Hispanic origin,"Native Hawaiian or Other Pacific Islander, Non-Hispanic",2021,4,12 month-ending,4/30/2021,,"9,439",,Data counts between 1-9 have been suppressed in accordance with NCHS confidentiality standards.
4/14/2024,United States,Race and Hispanic origin,"Native Hawaiian or Other Pacific Islander, Non-Hispanic",2021,5,12 month-ending,5/31/2021,,"9,437",,Data counts between 1-9 have been suppressed in accordance with NCHS confidentiality standards.
4/14/2024,United States,Race and Hispanic origin,"Native Hawaiian or Other Pacific Islander, Non-Hispanic",2021,6,12 month-ending,6/30/2021,,"9,413",,Data counts between 1-9 have been suppressed in accordance with NCHS confidentiality standards.
4/14/2024,United States,Race and Hispanic origin,"Native Hawaiian or Other Pacific Islander, Non-Hispanic",2021,7,12 month-ending,7/31/2021,,"9,418",,Data counts between 1-9 have been suppressed in accordance with NCHS confidentiality standards.
4/14/2024,United States,Race and Hispanic origin,"Native Hawaiian or Other Pacific Islander, Non-Hispanic",2021,8,12 month-ending,8/31/2021,,"9,434",,Data counts between 1-9 have been suppressed in accordance with NCHS confidentiality standards.
4/14/2024,United States,Race and Hispanic origin,"Native Hawaiian or Other Pacific Islander, Non-Hispanic",2021,9,12 month-ending,9/30/2021,,"9,487",,Data counts between 1-9 have been suppressed in accordance with NCHS confidentiality standards.
4/14/2024,United States,Race and Hispanic origin,"Native Hawaiian or Other Pacific Islander, Non-Hispanic",2021,10,12 month-ending,10/31/2021,,"9,515",,Data counts between 1-9 have been suppressed in accordance with NCHS confidentiality standards.
4/14/2024,United States,Race and Hispanic origin,"Native Hawaiian or Other Pacific Islander, Non-Hispanic",2021,11,12 month-ending,11/30/2021,,"9,491",,Data counts between 1-9 have been suppressed in accordance with NCHS confidentiality standards.
4/14/2024,United States,Race and Hispanic origin,"Native Hawaiian or Other Pacific Islander, Non-Hispanic",2021,12,12 month-ending,12/31/2021,,"9,531",,Data counts between 1-9 have been suppressed in accordance with NCHS confidentiality standards.
4/14/2024,United States,Race and Hispanic origin,"Native Hawaiian or Other Pacific Islander, Non-Hispanic",2022,1,12 month-ending,1/31/2022,,"9,583",,Data counts between 1-9 have been suppressed in accordance with NCHS confidentiality standards.
4/14/2024,United States,Race and Hispanic origin,"Native Hawaiian or Other Pacific Islander, Non-Hispanic",2022,2,12 month-ending,2/28/2022,,"9,710",,Data counts between 1-9 have been suppressed in accordance with NCHS confidentiality standards.
4/14/2024,United States,Race and Hispanic origin,"Native Hawaiian or Other Pacific Islander, Non-Hispanic",2022,3,12 month-ending,3/31/2022,,"9,799",,Data counts between 1-9 have been suppressed in accordance with NCHS confidentiality standards.
4/14/2024,United States,Race and Hispanic origin,"Native Hawaiian or Other Pacific Islander, Non-Hispanic",2022,4,12 month-ending,4/30/2022,,"9,835",,Data counts between 1-9 have been suppressed in accordance with NCHS confidentiality standards.
4/14/2024,United States,Race and Hispanic origin,"Native Hawaiian or Other Pacific Islander, Non-Hispanic",2022,5,12 month-ending,5/31/2022,,"9,834",,Data counts between 1-9 have been suppressed in accordance with NCHS confidentiality standards.
4/14/2024,United States,Race and Hispanic origin,"Native Hawaiian or Other Pacific Islander, Non-Hispanic",2022,6,12 month-ending,6/30/2022,,"10,023",,Data counts between 1-9 have been suppressed in accordance with NCHS confidentiality standards.
4/14/2024,United States,Race and Hispanic origin,"Native Hawaiian or Other Pacific Islander, Non-Hispanic",2022,7,12 month-ending,7/31/2022,,"10,053",,Data counts between 1-9 have been suppressed in accordance with NCHS confidentiality standards.
4/14/2024,United States,Race and Hispanic origin,"Native Hawaiian or Other Pacific Islander, Non-Hispanic",2022,8,12 month-ending,8/31/2022,,"10,067",,Data counts between 1-9 have been suppressed in accordance with NCHS confidentiality standards.
4/14/2024,United States,Race and Hispanic origin,"Native Hawaiian or Other Pacific Islander, Non-Hispanic",2022,9,12 month-ending,9/30/2022,,"10,071",,Data counts between 1-9 have been suppressed in accordance with NCHS confidentiality standards.
4/14/2024,United States,Race and Hispanic origin,"Native Hawaiian or Other Pacific Islander, Non-Hispanic",2022,10,12 month-ending,10/31/2022,,"10,016",,Data counts between 1-9 have been suppressed in accordance with NCHS confidentiality standards.
4/14/2024,United States,Race and Hispanic origin,"Native Hawaiian or Other Pacific Islander, Non-Hispanic",2022,11,12 month-ending,11/30/2022,,"10,034",,Data counts between 1-9 have been suppressed in accordance with NCHS confidentiality standards.
4/14/2024,United States,Race and Hispanic origin,"Native Hawaiian or Other Pacific Islander, Non-Hispanic",2022,12,12 month-ending,12/31/2022,,"10,122",,Data counts between 1-9 have been suppressed in accordance with NCHS confidentiality standards.
4/14/2024,United States,Race and Hispanic origin,"Native Hawaiian or Other Pacific Islander, Non-Hispanic",2023,1,12 month-ending,1/31/2023,,"10,068",,Data counts between 1-9 have been suppressed in accordance with NCHS confidentiality standards.
4/14/2024,United States,Race and Hispanic origin,"Native Hawaiian or Other Pacific Islander, Non-Hispanic",2023,2,12 month-ending,2/28/2023,,"10,111",,Data counts between 1-9 have been suppressed in accordance with NCHS confidentiality standards.
4/14/2024,United States,Race and Hispanic origin,"Native Hawaiian or Other Pacific Islander, Non-Hispanic",2023,3,12 month-ending,3/31/2023,,"10,164",,Data counts between 1-9 have been suppressed in accordance with NCHS confidentiality standards.
4/14/2024,United States,Race and Hispanic origin,"Native Hawaiian or Other Pacific Islander, Non-Hispanic",2023,4,12 month-ending,4/30/2023,,"10,173",,Data counts between 1-9 have been suppressed in accordance with NCHS confidentiality standards.
4/14/2024,United States,Race and Hispanic origin,"Native Hawaiian or Other Pacific Islander, Non-Hispanic",2023,5,12 month-ending,5/31/2023,,"10,163",,Data counts between 1-9 have been suppressed in accordance with NCHS confidentiality standards.
4/14/2024,United States,Race and Hispanic origin,"Native Hawaiian or Other Pacific Islander, Non-Hispanic",2023,6,12 month-ending,6/30/2023,,"10,139",,Data counts between 1-9 have been suppressed in accordance with NCHS confidentiality standards.
4/14/2024,United States,Race and Hispanic origin,"Native Hawaiian or Other Pacific Islander, Non-Hispanic",2023,7,12 month-ending,7/31/2023,,"10,104",,Data counts between 1-9 have been suppressed in accordance with NCHS confidentiality standards.
4/14/2024,United States,Race and Hispanic origin,"Native Hawaiian or Other Pacific Islander, Non-Hispanic",2023,8,12 month-ending,8/31/2023,,"10,150",,Data counts between 1-9 have been suppressed in accordance with NCHS confidentiality standards.
4/14/2024,United States,Race and Hispanic origin,"Native Hawaiian or Other Pacific Islander, Non-Hispanic",2023,9,12 month-ending,9/30/2023,,"10,138",,Data counts between 1-9 have been suppressed in accordance with NCHS confidentiality standards.
4/14/2024,United States,Race and Hispanic origin,"Native Hawaiian or Other Pacific Islander, Non-Hispanic",2023,10,12 month-ending,10/31/2023,,"10,200",,Data counts between 1-9 have been suppressed in accordance with NCHS confidentiality standards.
4/14/2024,United States,Race and Hispanic origin,"Native Hawaiian or Other Pacific Islander, Non-Hispanic",2023,11,12 month-ending,11/30/2023,,"10,269",,Data counts between 1-9 have been suppressed in accordance with NCHS confidentiality standards.
4/14/2024,United States,Race and Hispanic origin,"Native Hawaiian or Other Pacific Islander, Non-Hispanic",2023,12,12 month-ending,12/31/2023,,"10,115",,Data counts between 1-9 have been suppressed in accordance with NCHS confidentiality standards.
4/14/2024,United States,Race and Hispanic origin,"White, Non-Hispanic",2019,1,12 month-ending,1/31/2019,292,"1,953,909",14.9,
4/14/2024,United States,Race and Hispanic origin,"White, Non-Hispanic",2019,2,12 month-ending,2/28/2019,287,"1,950,995",14.7,
4/14/2024,United States,Race and Hispanic origin,"White, Non-Hispanic",2019,3,12 month-ending,3/31/2019,299,"1,943,613",15.4,
4/14/2024,United States,Race and Hispanic origin,"White, Non-Hispanic",2019,4,12 month-ending,4/30/2019,306,"1,942,823",15.8,
4/14/2024,United States,Race and Hispanic origin,"White, Non-Hispanic",2019,5,12 month-ending,5/31/2019,328,"1,939,436",16.9,
4/14/2024,United States,Race and Hispanic origin,"White, Non-Hispanic",2019,6,12 month-ending,6/30/2019,331,"1,932,907",17.1,
4/14/2024,United States,Race and Hispanic origin,"White, Non-Hispanic",2019,7,12 month-ending,7/31/2019,330,"1,934,415",17.1,
4/14/2024,United States,Race and Hispanic origin,"White, Non-Hispanic",2019,8,12 month-ending,8/31/2019,323,"1,930,331",16.7,
4/14/2024,United States,Race and Hispanic origin,"White, Non-Hispanic",2019,9,12 month-ending,9/30/2019,330,"1,930,195",17.1,
4/14/2024,United States,Race and Hispanic origin,"White, Non-Hispanic",2019,10,12 month-ending,10/31/2019,335,"1,926,894",17.4,
4/14/2024,United States,Race and Hispanic origin,"White, Non-Hispanic",2019,11,12 month-ending,11/30/2019,338,"1,919,129",17.6,
4/14/2024,United States,Race and Hispanic origin,"White, Non-Hispanic",2019,12,12 month-ending,12/31/2019,343,"1,915,912",17.9,
4/14/2024,United States,Race and Hispanic origin,"White, Non-Hispanic",2020,1,12 month-ending,1/31/2020,340,"1,911,612",17.8,
4/14/2024,United States,Race and Hispanic origin,"White, Non-Hispanic",2020,2,12 month-ending,2/29/2020,345,"1,912,332",18,
4/14/2024,United States,Race and Hispanic origin,"White, Non-Hispanic",2020,3,12 month-ending,3/31/2020,341,"1,910,811",17.8,
4/14/2024,United States,Race and Hispanic origin,"White, Non-Hispanic",2020,4,12 month-ending,4/30/2020,333,"1,905,248",17.5,
4/14/2024,United States,Race and Hispanic origin,"White, Non-Hispanic",2020,5,12 month-ending,5/31/2020,326,"1,896,549",17.2,
4/14/2024,United States,Race and Hispanic origin,"White, Non-Hispanic",2020,6,12 month-ending,6/30/2020,329,"1,895,157",17.4,
4/14/2024,United States,Race and Hispanic origin,"White, Non-Hispanic",2020,7,12 month-ending,7/31/2020,334,"1,888,232",17.7,
4/14/2024,United States,Race and Hispanic origin,"White, Non-Hispanic",2020,8,12 month-ending,8/31/2020,344,"1,876,546",18.3,
4/14/2024,United States,Race and Hispanic origin,"White, Non-Hispanic",2020,9,12 month-ending,9/30/2020,354,"1,869,333",18.9,
4/14/2024,United States,Race and Hispanic origin,"White, Non-Hispanic",2020,10,12 month-ending,10/31/2020,352,"1,858,695",18.9,
4/14/2024,United States,Race and Hispanic origin,"White, Non-Hispanic",2020,11,12 month-ending,11/30/2020,350,"1,850,484",18.9,
4/14/2024,United States,Race and Hispanic origin,"White, Non-Hispanic",2020,12,12 month-ending,12/31/2020,352,"1,843,432",19.1,
4/14/2024,United States,Race and Hispanic origin,"White, Non-Hispanic",2021,1,12 month-ending,1/31/2021,357,"1,833,129",19.5,
4/14/2024,United States,Race and Hispanic origin,"White, Non-Hispanic",2021,2,12 month-ending,2/28/2021,352,"1,828,421",19.3,
4/14/2024,United States,Race and Hispanic origin,"White, Non-Hispanic",2021,3,12 month-ending,3/31/2021,343,"1,831,864",18.7,
4/14/2024,United States,Race and Hispanic origin,"White, Non-Hispanic",2021,4,12 month-ending,4/30/2021,362,"1,835,313",19.7,
4/14/2024,United States,Race and Hispanic origin,"White, Non-Hispanic",2021,5,12 month-ending,5/31/2021,369,"1,836,353",20.1,
4/14/2024,United States,Race and Hispanic origin,"White, Non-Hispanic",2021,6,12 month-ending,6/30/2021,367,"1,844,316",19.9,
4/14/2024,United States,Race and Hispanic origin,"White, Non-Hispanic",2021,7,12 month-ending,7/31/2021,369,"1,847,420",20,
4/14/2024,United States,Race and Hispanic origin,"White, Non-Hispanic",2021,8,12 month-ending,8/31/2021,395,"1,854,625",21.3,
4/14/2024,United States,Race and Hispanic origin,"White, Non-Hispanic",2021,9,12 month-ending,9/30/2021,438,"1,862,046",23.5,
4/14/2024,United States,Race and Hispanic origin,"White, Non-Hispanic",2021,10,12 month-ending,10/31/2021,461,"1,867,727",24.7,
4/14/2024,United States,Race and Hispanic origin,"White, Non-Hispanic",2021,11,12 month-ending,11/30/2021,470,"1,879,198",25,
4/14/2024,United States,Race and Hispanic origin,"White, Non-Hispanic",2021,12,12 month-ending,12/31/2021,503,"1,887,656",26.6,
4/14/2024,United States,Race and Hispanic origin,"White, Non-Hispanic",2022,1,12 month-ending,1/31/2022,517,"1,890,702",27.3,
4/14/2024,United States,Race and Hispanic origin,"White, Non-Hispanic",2022,2,12 month-ending,2/28/2022,529,"1,890,441",28,
4/14/2024,United States,Race and Hispanic origin,"White, Non-Hispanic",2022,3,12 month-ending,3/31/2022,528,"1,887,134",28,
4/14/2024,United States,Race and Hispanic origin,"White, Non-Hispanic",2022,4,12 month-ending,4/30/2022,508,"1,880,430",27,
4/14/2024,United States,Race and Hispanic origin,"White, Non-Hispanic",2022,5,12 month-ending,5/31/2022,494,"1,874,466",26.4,
4/14/2024,United States,Race and Hispanic origin,"White, Non-Hispanic",2022,6,12 month-ending,6/30/2022,506,"1,865,433",27.1,
4/14/2024,United States,Race and Hispanic origin,"White, Non-Hispanic",2022,7,12 month-ending,7/31/2022,504,"1,858,773",27.1,
4/14/2024,United States,Race and Hispanic origin,"White, Non-Hispanic",2022,8,12 month-ending,8/31/2022,468,"1,857,597",25.2,
4/14/2024,United States,Race and Hispanic origin,"White, Non-Hispanic",2022,9,12 month-ending,9/30/2022,411,"1,848,206",22.2,
4/14/2024,United States,Race and Hispanic origin,"White, Non-Hispanic",2022,10,12 month-ending,10/31/2022,392,"1,841,746",21.3,
4/14/2024,United States,Race and Hispanic origin,"White, Non-Hispanic",2022,11,12 month-ending,11/30/2022,380,"1,841,035",20.6,
4/14/2024,United States,Race and Hispanic origin,"White, Non-Hispanic",2022,12,12 month-ending,12/31/2022,350,"1,840,739",19,
4/14/2024,United States,Race and Hispanic origin,"White, Non-Hispanic",2023,1,12 month-ending,1/31/2023,329,"1,842,033",17.9,
4/14/2024,United States,Race and Hispanic origin,"White, Non-Hispanic",2023,2,12 month-ending,2/28/2023,319,"1,837,756",17.4,
4/14/2024,United States,Race and Hispanic origin,"White, Non-Hispanic",2023,3,12 month-ending,3/31/2023,313,"1,832,355",17.1,
4/14/2024,United States,Race and Hispanic origin,"White, Non-Hispanic",2023,4,12 month-ending,4/30/2023,305,"1,825,773",16.7,
4/14/2024,United States,Race and Hispanic origin,"White, Non-Hispanic",2023,5,12 month-ending,5/31/2023,303,"1,825,969",16.6,
4/14/2024,United States,Race and Hispanic origin,"White, Non-Hispanic",2023,6,12 month-ending,6/30/2023,290,"1,823,774",15.9,
4/14/2024,United States,Race and Hispanic origin,"White, Non-Hispanic",2023,7,12 month-ending,7/31/2023,280,"1,817,911",15.4,
4/14/2024,United States,Race and Hispanic origin,"White, Non-Hispanic",2023,8,12 month-ending,8/31/2023,276,"1,809,709",15.3,
4/14/2024,United States,Race and Hispanic origin,"White, Non-Hispanic",2023,9,12 month-ending,9/30/2023,277,"1,803,407",15.4,
4/14/2024,United States,Race and Hispanic origin,"White, Non-Hispanic",2023,10,12 month-ending,10/31/2023,268,"1,802,343",14.9,
4/14/2024,United States,Race and Hispanic origin,"White, Non-Hispanic",2023,11,12 month-ending,11/30/2023,255,"1,796,263",14.2,
4/14/2024,United States,Race and Hispanic origin,"White, Non-Hispanic",2023,12,12 month-ending,12/31/2023,263,"1,786,295",14.7,
